{
  "project_info": {
    "project_number": "23044641252",
    "project_id": "mytiendita-58c65",
    "storage_bucket": "mytiendita-58c65.firebasestorage.app"
  },
  "client": [
    {
      "client_info": {
        "mobilesdk_app_id": "1:23044641252:android:80facbe4c7527409d2b7f1",
        "android_client_info": {
          "package_name": "com.example.mytiendita"
        }
      },
      "oauth_client": [],
      "api_key": [
        {
          "current_key": "AIzaSyDDttPBR58lJNHNSr2bnKMcnguw1PRLX1g"
        }
      ],
      "services": {
        "appinvite_service": {
          "other_platform_oauth_client": []
        }
      }
    }
  ],
  "configuration_version": "1"
}